{
  "classes": [
    {
      "features": [0, 0],
      "alpha": [0.2, 0.2, 0.2, 0.2, 0.2],
      "buy_distribution":[
        [0.05, 0.25, 0.5 , 0.84],
       [0.5 , 0.69, 0.84, 0.93],
       [0.01, 0.11, 0.5 , 0.89],
       [0.5 , 0.11, 0.01, 0  ],
       [0.1 , 0.38, 0.76, 0.96]
      ],
      "num_prods_distribution": [
        [0.2, 0.2, 0.2, 0.2],
        [0.5, 0.5, 0.5, 0.5],
        [1, 1, 1, 1],
        [1, 1, 1, 1],
        [1, 1, 1, 1]
      ],
      "click_graph": [
        [0, 0.3, 0.1, 0.2, 0.2],
        [0.5, 0, 0.2, 0.2, 0.1],
        [0.4, 0.2, 0, 0.3, 0.1],
        [0.6, 0.3, 0.1, 0, 0.1],
        [0.5, 0.1, 0.1, 0.1, 0]
      ]
    },
        {
      "features": [1, 0],
      "alpha": [0.4, 0.5, 0.09998, 0.00001, 0.00001],
      "buy_distribution":[
        [0.5 , 0.23, 0.11, 0.02],
       [0.16, 0.31, 0.5 , 0.69],
       [0  , 0.01, 0.11, 0.5 ],
       [0.01, 0  , 0  , 0  ],
       [0.5 , 0.02, 0  , 0  ]
      ],
      "num_prods_distribution": [
        [0.5, 0.5, 0.5, 0.5],
        [0.5, 0.5, 0.5, 0.5],
        [1, 1, 1, 1],
        [1, 1, 1, 1],
        [1, 1, 1, 1]
      ],
      "click_graph": [
        [0, 0.2, 0.1, 0, 0.05],
        [0.5, 0, 0.1, 0, 0.05],
        [0.4, 0.25, 0, 0, 0.05],
        [0.5, 0.3, 0.1, 0, 0.05],
        [0.5, 0.1, 0.1, 0, 0]
      ]
    },
    {
      "features": [0, 1],
      "alpha": [0.2, 0.2, 0.1, 0.1, 0.4],
      "buy_distribution":[[0.5 , 0  , 0  , 0 ],
       [0.5 , 0.27, 0.11, 0.03],
       [0.16, 0.31, 0.5 , 0.69],
       [0  , 0  , 0  , 0 ],
       [0.04, 0.24, 0.62, 0.9 ]],
      "num_prods_distribution": [
        [0.5, 0.5, 0.5, 0.5],
        [1, 1, 1, 1],
        [1, 1, 1, 1],
        [1, 1, 1, 1],
        [0.5, 0.5, 0.5, 0.5]
      ],
      "click_graph": [
        [0, 0.3, 0.1, 0, 0.3],
        [0.5, 0, 0.2, 0, 0.3],
        [0.4, 0.2, 0, 0, 0.3],
        [0.6, 0.3, 0.1, 0, 0.3],
        [0.4, 0.1, 0.1, 0, 0]
      ]
    },
    {
      "features": [1, 1],
      "alpha": [0.2, 0.2, 0.1, 0.1, 0.4],
      "buy_distribution":[
        [0.5 , 0  , 0  , 0 ],
       [0.5 , 0.27, 0.11, 0.03],
       [0.16, 0.31, 0.5 , 0.69],
       [0  , 0  , 0  , 0 ],
       [0.04, 0.24, 0.62, 0.9 ]
      ],
      "num_prods_distribution":  [
        [0.5, 0.5, 0.5, 0.5],
        [1, 1, 1, 1],
        [1, 1, 1, 1],
        [1, 1, 1, 1],
        [0.5, 0.5, 0.5, 0.5]
      ],
      "click_graph": [
        [0, 0.3, 0.1, 0, 0.3],
        [0.5, 0, 0.2, 0, 0.3],
        [0.4, 0.2, 0, 0, 0.3],
        [0.6, 0.3, 0.1, 0, 0.3],
        [0.4, 0.1, 0.1, 0, 0]
      ]
    }
  ]
}