{"classes": [{"features": [0, 0], "alpha": [0.2, 0.2, 0.2, 0.2, 0.2], "buy_distribution": [[0.0, 0.04, 0.8, 0.04], [0.0, 0.49, 0.26, 0.0], [0.03, 0.6, 0.03, 0.0], [0.04, 0.8, 0.04, 0.0], [0.01, 0.36, 0.36, 0.01]], "num_prods_distribution": [[0.6666666666666666, 0.6666666666666666, 0.6666666666666666, 0.6666666666666666], [0.8333333333333334, 0.8333333333333334, 0.8333333333333334, 0.8333333333333334], [1.0, 1.0, 1.0, 1.0], [1.0, 1.0, 1.0, 1.0], [1.0, 1.0, 1.0, 1.0]], "click_graph": [[0, 0.3, 0.1, 0.2, 0.2], [0.5, 0, 0.2, 0.2, 0.1], [0.4, 0.2, 0, 0.3, 0.1], [0.6, 0.3, 0.1, 0, 0.1], [0.5, 0.1, 0.1, 0.1, 0]]}, {"features": [0, 1], "alpha": [0.4, 0.5, 0.09998, 1e-05, 1e-05], "buy_distribution": [[0.0, 0.0, 0.02, 0.5], [0.0, 0.0, 0.0, 0.7], [0.0, 0.04, 0.8, 0.03], [0.5, 0.02, 0.0, 0.0], [0.5, 0.0, 0.0, 0.0]], "num_prods_distribution": [[0.8333333333333334, 0.8333333333333334, 0.8333333333333334, 0.8333333333333334], [0.8333333333333334, 0.8333333333333334, 0.8333333333333334, 0.8333333333333334], [1.0, 1.0, 1.0, 1.0], [1.0, 1.0, 1.0, 1.0], [1.0, 1.0, 1.0, 1.0]], "click_graph": [[0, 0.2, 0.1, 0, 0.05], [0.5, 0, 0.1, 0, 0.05], [0.4, 0.25, 0, 0, 0.05], [0.5, 0.3, 0.1, 0, 0.05], [0.5, 0.1, 0.1, 0, 0]]}, {"features": [1, 0], "alpha": [0.2, 0.2, 0.1, 0.1, 0.4], "buy_distribution": [[0.02, 0.5, 0.02, 0.0], [0.16, 0.16, 0.0, 0.0], [0.0, 0.0, 0.02, 0.5], [0.18, 0.04, 0.0, 0.0], [0.0, 0.17, 0.7, 0.17]], "num_prods_distribution": [[0.8333333333333334, 0.8333333333333334, 0.8333333333333334, 0.8333333333333334], [1.0, 1.0, 1.0, 1.0], [1.0, 1.0, 1.0, 1.0], [1.0, 1.0, 1.0, 1.0], [0.5, 0.5, 0.5, 0.5]], "click_graph": [[0, 0.3, 0.1, 0, 0.3], [0.5, 0, 0.2, 0, 0.3], [0.4, 0.2, 0, 0, 0.3], [0.6, 0.3, 0.1, 0, 0.3], [0.4, 0.1, 0.1, 0, 0]]}, {"features": [1, 1], "alpha": [0.2, 0.2, 0.1, 0.1, 0.4], "buy_distribution": [[0.02, 0.5, 0.02, 0.0], [0.16, 0.16, 0.0, 0.0], [0.0, 0.0, 0.02, 0.5], [0.18, 0.04, 0.0, 0.0], [0.0, 0.17, 0.7, 0.17]], "num_prods_distribution": [[0.8333333333333334, 0.8333333333333334, 0.8333333333333334, 0.8333333333333334], [1.0, 1.0, 1.0, 1.0], [1.0, 1.0, 1.0, 1.0], [1.0, 1.0, 1.0, 1.0], [0.5, 0.5, 0.5, 0.5]], "click_graph": [[0, 0.3, 0.1, 0, 0.3], [0.5, 0, 0.2, 0, 0.3], [0.4, 0.2, 0, 0, 0.3], [0.6, 0.3, 0.1, 0, 0.3], [0.4, 0.1, 0.1, 0, 0]]}]}